-- ============================================================
-- PawMind 演示数据种子脚本
-- 执行: PGPASSWORD=czy1223 psql -h localhost -U postgres \
--       -d pawmind -f apps/server/src/scripts/seed-demo.sql
-- 账号: demo@pawmind.com / 123456
-- ============================================================

BEGIN;

-- 清理现有数据（按外键依赖顺序）
DELETE FROM messages;
DELETE FROM conversations;
DELETE FROM growth_records;
DELETE FROM health_logs;
DELETE FROM pets;
DELETE FROM users;

-- ============================================================
-- 1. 用户
-- ============================================================
INSERT INTO users (id, email, "passwordHash", nickname, avatar, "createdAt", "updatedAt")
VALUES (
  1,
  'demo@pawmind.com',
  '$2b$10$4n2Cv5OHGtSZP3jnx7IxJ.mEIR9sT14yvawg3I8iO.UOdgibThoRG',
  '小陈',
  NULL,
  '2026-01-15 10:00:00',
  '2026-01-15 10:00:00'
);

-- ============================================================
-- 2. 宠物 (3只)
-- ============================================================
INSERT INTO pets (id, "userId", name, species, breed, birthday, gender, weight, avatar, "personalityTags", status, "createdAt", "updatedAt")
VALUES
  (1, 1, '团子', 'cat', '英国短毛猫', '2025-03-20', 'male',   4.80, NULL, '粘人,贪吃,爱睡觉',     'active', '2026-01-15 10:30:00', '2026-04-13 08:00:00'),
  (2, 1, '豆豆', 'dog', '柯基犬',     '2023-10-05', 'female', 10.50, NULL, '活泼,聪明,爱拆家',     'active', '2026-01-20 14:00:00', '2026-04-13 08:00:00'),
  (3, 1, '小橘', 'cat', '中华田园猫', '2025-01-10', 'male',   3.20, NULL, '胆小,好奇,爱玩毛线球', 'active', '2026-02-14 09:00:00', '2026-04-13 08:00:00');

-- ============================================================
-- 3. 健康日志 — 团子 (petId=1) 近10天
-- ============================================================
INSERT INTO health_logs (id, "petId", date, weight, "appetiteLevel", "activityLevel", "waterIntake", symptoms, notes, "isAlert", "alertType", severity, "createdAt", "updatedAt")
VALUES
  (1,  1, '2026-04-04', 4.75, 'normal', 'normal', 180, NULL,       '状态不错，今天晒了很久太阳',     false, NULL, NULL,     '2026-04-04 20:00:00', '2026-04-04 20:00:00'),
  (2,  1, '2026-04-05', 4.78, 'normal', 'normal', 175, NULL,       '正常',                           false, NULL, NULL,     '2026-04-05 20:00:00', '2026-04-05 20:00:00'),
  (3,  1, '2026-04-06', 4.80, 'high',   'normal', 190, NULL,       '食欲特别好，多吃了半碗',         false, NULL, NULL,     '2026-04-06 20:00:00', '2026-04-06 20:00:00'),
  (4,  1, '2026-04-07', 4.72, 'low',    'low',    150, '呕吐',     '吐了一次毛球，精神略差',         true,  '呕吐', 'medium', '2026-04-07 20:00:00', '2026-04-07 20:00:00'),
  (5,  1, '2026-04-08', 4.70, 'normal', 'normal', 170, NULL,       '恢复正常，给了化毛膏',           false, NULL, NULL,     '2026-04-08 20:00:00', '2026-04-08 20:00:00'),
  (6,  1, '2026-04-09', 4.73, 'normal', 'normal', 185, NULL,       '状态良好',                       false, NULL, NULL,     '2026-04-09 20:00:00', '2026-04-09 20:00:00'),
  (7,  1, '2026-04-10', 4.76, 'normal', 'high',   180, NULL,       '今天特别活泼，追着逗猫棒玩',     false, NULL, NULL,     '2026-04-10 20:00:00', '2026-04-10 20:00:00'),
  (8,  1, '2026-04-11', 4.78, 'normal', 'normal', 175, NULL,       '正常',                           false, NULL, NULL,     '2026-04-11 20:00:00', '2026-04-11 20:00:00'),
  (9,  1, '2026-04-12', 4.80, 'normal', 'normal', 180, NULL,       '体重回到正常值',                 false, NULL, NULL,     '2026-04-12 20:00:00', '2026-04-12 20:00:00'),
  (10, 1, '2026-04-13', 4.82, 'normal', 'normal', 185, NULL,       '今日一切正常',                   false, NULL, NULL,     '2026-04-13 08:00:00', '2026-04-13 08:00:00'),

-- 健康日志 — 豆豆 (petId=2) 近10天
  (11, 2, '2026-04-04', 10.50, 'high',   'high',   450, NULL,             '遛了两圈公园，开心到飞起',       false, NULL, NULL,       '2026-04-04 21:00:00', '2026-04-04 21:00:00'),
  (12, 2, '2026-04-05', 10.48, 'normal', 'high',   430, NULL,             '精力依旧旺盛',                   false, NULL, NULL,       '2026-04-05 21:00:00', '2026-04-05 21:00:00'),
  (13, 2, '2026-04-06', 10.52, 'normal', 'normal', 420, NULL,             '正常',                           false, NULL, NULL,       '2026-04-06 21:00:00', '2026-04-06 21:00:00'),
  (14, 2, '2026-04-07', 10.50, 'normal', 'normal', 440, NULL,             '今天下雨没出门，在家拆了个纸箱', false, NULL, NULL,       '2026-04-07 21:00:00', '2026-04-07 21:00:00'),
  (15, 2, '2026-04-08', 10.45, 'normal', 'normal', 430, NULL,             '正常',                           false, NULL, NULL,       '2026-04-08 21:00:00', '2026-04-08 21:00:00'),
  (16, 2, '2026-04-09', 10.40, 'low',    'low',    380, '跛行',           '右前腿跛行，可能跑步扭到了',     true,  '跛行', 'high',   '2026-04-09 21:00:00', '2026-04-09 21:00:00'),
  (17, 2, '2026-04-10', 10.42, 'normal', 'low',    400, '轻微跛行',       '跛行减轻，但还不敢大幅活动',     true,  '跛行', 'medium', '2026-04-10 21:00:00', '2026-04-10 21:00:00'),
  (18, 2, '2026-04-11', 10.45, 'normal', 'normal', 420, NULL,             '基本恢复，走路正常了',           false, NULL, NULL,       '2026-04-11 21:00:00', '2026-04-11 21:00:00'),
  (19, 2, '2026-04-12', 10.48, 'normal', 'normal', 435, NULL,             '完全恢复，又开始调皮了',         false, NULL, NULL,       '2026-04-12 21:00:00', '2026-04-12 21:00:00'),
  (20, 2, '2026-04-13', 10.50, 'high',   'high',   450, NULL,             '满血复活！',                     false, NULL, NULL,       '2026-04-13 08:00:00', '2026-04-13 08:00:00'),

-- 健康日志 — 小橘 (petId=3) 近10天
  (21, 3, '2026-04-04', 3.15, 'normal', 'normal', 120, NULL,       '正常',                                 false, NULL, NULL,       '2026-04-04 19:30:00', '2026-04-04 19:30:00'),
  (22, 3, '2026-04-05', 3.18, 'normal', 'normal', 125, '打喷嚏',   '打了几个喷嚏，可能是灰尘引起的',       true,  '打喷嚏', 'low', '2026-04-05 19:30:00', '2026-04-05 19:30:00'),
  (23, 3, '2026-04-06', 3.16, 'normal', 'normal', 130, NULL,       '喷嚏消失了，应该不是感冒',             false, NULL, NULL,       '2026-04-06 19:30:00', '2026-04-06 19:30:00'),
  (24, 3, '2026-04-07', 3.20, 'normal', 'high',   125, NULL,       '特别爱玩，追着毛线球满屋跑',           false, NULL, NULL,       '2026-04-07 19:30:00', '2026-04-07 19:30:00'),
  (25, 3, '2026-04-08', 3.18, 'normal', 'normal', 120, NULL,       '正常',                                 false, NULL, NULL,       '2026-04-08 19:30:00', '2026-04-08 19:30:00'),
  (26, 3, '2026-04-09', 3.20, 'normal', 'normal', 130, NULL,       '正常',                                 false, NULL, NULL,       '2026-04-09 19:30:00', '2026-04-09 19:30:00'),
  (27, 3, '2026-04-10', 3.22, 'high',   'normal', 125, NULL,       '食欲很好，体重在稳步增长',             false, NULL, NULL,       '2026-04-10 19:30:00', '2026-04-10 19:30:00'),
  (28, 3, '2026-04-11', 3.20, 'normal', 'normal', 120, NULL,       '正常',                                 false, NULL, NULL,       '2026-04-11 19:30:00', '2026-04-11 19:30:00'),
  (29, 3, '2026-04-12', 3.22, 'normal', 'high',   130, NULL,       '今天学会了跳上桌子！',                 false, NULL, NULL,       '2026-04-12 19:30:00', '2026-04-12 19:30:00'),
  (30, 3, '2026-04-13', 3.25, 'normal', 'normal', 125, NULL,       '健康成长中',                           false, NULL, NULL,       '2026-04-13 08:00:00', '2026-04-13 08:00:00');

-- ============================================================
-- 4. 成长记录
-- ============================================================
INSERT INTO growth_records (id, "petId", "contentType", "mediaUrl", description, tags, "createdAt")
VALUES
  -- 团子的成长记录
  (1,  1, 'text',  NULL, '团子第一天到家，躲在沙发底下不出来，用逗猫棒才慢慢引出来', '到家,第一天',     '2026-01-15 18:00:00'),
  (2,  1, 'text',  NULL, '团子终于不怕人了，会主动跳到膝盖上求摸摸',                   '亲人,进步',       '2026-01-28 20:00:00'),
  (3,  1, 'text',  NULL, '带团子打了第一针疫苗，全程很乖没有挣扎',                     '疫苗,健康',       '2026-02-10 14:00:00'),
  (4,  1, 'text',  NULL, '团子学会了用猫抓板，沙发终于保住了！',                       '学习,猫抓板',     '2026-03-01 19:00:00'),
  (5,  1, 'text',  NULL, '一岁生日快乐！给团子买了新玩具和罐头庆祝',                   '生日,一岁',       '2026-03-20 12:00:00'),
  (6,  1, 'text',  NULL, '团子体重到4.8kg了，兽医说标准体型，继续保持',                 '体检,健康',       '2026-04-05 16:00:00'),

  -- 豆豆的成长记录
  (7,  2, 'text',  NULL, '豆豆从朋友家接回来，一路上兴奋得不行，尾巴摇个不停',         '到家,开心',       '2026-01-20 16:00:00'),
  (8,  2, 'text',  NULL, '豆豆学会了坐下和握手！训练了一周终于掌握了',                  '训练,握手',       '2026-02-05 17:00:00'),
  (9,  2, 'text',  NULL, '第一次带豆豆去公园，遇到其他狗狗玩得很开心',                  '社交,公园',       '2026-02-20 10:00:00'),
  (10, 2, 'text',  NULL, '豆豆把新买的拖鞋咬坏了...又开始拆家了',                      '拆家,调皮',       '2026-03-05 21:00:00'),
  (11, 2, 'text',  NULL, '带豆豆做了年度体检，各项指标都很健康',                        '体检,健康',       '2026-03-15 15:00:00'),
  (12, 2, 'text',  NULL, '豆豆右前腿扭伤了，休养几天后完全恢复，以后跑步要注意',       '受伤,恢复',       '2026-04-11 20:00:00'),
  (13, 2, 'text',  NULL, '豆豆满血复活！又变回了那个活泼的小短腿',                      '恢复,日常',       '2026-04-13 08:00:00'),

  -- 小橘的成长记录
  (14, 3, 'text',  NULL, '在小区捡到的小橘猫，瘦瘦的，带回家先洗了澡驱了虫',           '领养,救助',       '2026-02-14 11:00:00'),
  (15, 3, 'text',  NULL, '小橘开始信任我了，会在我脚边蹭来蹭去',                       '信任,亲人',       '2026-02-28 19:00:00'),
  (16, 3, 'text',  NULL, '小橘从2.1kg长到2.8kg了，吃得好长得快！',                     '成长,体重',       '2026-03-10 20:00:00'),
  (17, 3, 'text',  NULL, '小橘第一次发出咕噜声，被摸下巴的时候好开心',                 '咕噜,幸福',       '2026-03-20 21:00:00'),
  (18, 3, 'text',  NULL, '小橘已经3.2kg了！从流浪猫变成了健康的小胖子',                 '成长,健康',       '2026-04-01 18:00:00'),
  (19, 3, 'text',  NULL, '小橘今天学会了跳上桌子，越来越胆大了',                       '成长,探索',       '2026-04-12 19:30:00');

-- ============================================================
-- 5. 对话
-- ============================================================
INSERT INTO conversations (id, "petId", "createdAt", "updatedAt")
VALUES
  (1, 1, '2026-04-07 20:30:00', '2026-04-07 21:00:00'),
  (2, 2, '2026-04-09 21:30:00', '2026-04-09 22:00:00'),
  (3, 3, '2026-04-05 20:00:00', '2026-04-05 20:30:00');

-- ============================================================
-- 6. 消息
-- ============================================================
INSERT INTO messages (id, "conversationId", role, content, "emotionTag", "createdAt")
VALUES
  -- 对话1: 团子呕吐毛球
  (1,  1, 'user',      '团子今天吐了，看起来是毛球，需要担心吗？',                                                     '担心',   '2026-04-07 20:30:00'),
  (2,  1, 'assistant', '团子吐毛球是猫咪的正常生理反应哦～不用太担心！猫咪在舔毛时会吞入毛发，积累到一定量就需要吐出来。', '安慰',   '2026-04-07 20:30:15'),
  (3,  1, 'user',      '那我需要做什么来帮助它吗？',                                                                   NULL,     '2026-04-07 20:31:00'),
  (4,  1, 'assistant', '建议给团子定期使用化毛膏，每周2-3次。另外可以多梳毛减少吞入量，也可以种点猫草帮助排毛。如果频繁呕吐或呕吐物中有血丝就需要就医了。', '关心', '2026-04-07 20:31:15'),
  (5,  1, 'user',      '好的，我去买化毛膏，谢谢！',                                                                   '开心',   '2026-04-07 20:32:00'),
  (6,  1, 'assistant', '不客气！团子有你这么细心的主人真幸福呢～记得观察后续情况，团子恢复正常饮食就没问题啦 🐱',          '开心',   '2026-04-07 20:32:15'),

  -- 对话2: 豆豆跛行
  (7,  2, 'user',      '豆豆右前腿好像受伤了，走路一瘸一拐的，怎么办？',                                               '焦虑',   '2026-04-09 21:30:00'),
  (8,  2, 'assistant', '先别慌！请检查一下豆豆的脚垫有没有异物或伤口，轻轻触摸腿部各关节看它是否有疼痛反应。柯基因为腿短身长，运动时比较容易扭伤。', '安慰', '2026-04-09 21:30:15'),
  (9,  2, 'user',      '看了一下没有外伤，按关节的时候右前腿肘部好像有点痛',                                           NULL,     '2026-04-09 21:31:00'),
  (10, 2, 'assistant', '可能是运动时扭伤了。建议这几天限制豆豆的活动量，不要跑跳，让它多休息。可以冷敷患处缓解肿胀。如果2-3天没有改善，建议去医院拍个X光确认一下。', '关心', '2026-04-09 21:31:15'),
  (11, 2, 'user',      '好的，那这几天不带它出去跑了',                                                                 NULL,     '2026-04-09 21:32:00'),
  (12, 2, 'assistant', '对的！休养很重要。柯基的关节本身就需要特别注意保护，以后遛弯时间可以控制在30分钟以内，避免在太硬的地面长时间奔跑。豆豆一定会很快好起来的！🐕', '鼓励', '2026-04-09 21:32:15'),

  -- 对话3: 小橘打喷嚏
  (13, 3, 'user',      '小橘今天打了好几个喷嚏，是不是感冒了？',                                                       '担心',   '2026-04-05 20:00:00'),
  (14, 3, 'assistant', '猫咪偶尔打喷嚏不一定是感冒哦，可能是灰尘、花粉或者气味刺激引起的。小橘除了打喷嚏还有其他症状吗？比如流鼻涕、眼睛红肿、食欲下降？', NULL, '2026-04-05 20:00:15'),
  (15, 3, 'user',      '没有其他症状，精神和食欲都正常，就是打了几个喷嚏',                                             NULL,     '2026-04-05 20:01:00'),
  (16, 3, 'assistant', '那大概率是环境刺激引起的，不用太担心。可以检查一下家里是否有灰尘较多的角落，最近有没有用新的清洁剂或香薰。保持室内通风就好，观察1-2天如果没有加重就没问题。', '安慰', '2026-04-05 20:01:15'),
  (17, 3, 'user',      '确实最近打扫了一下杂物间，灰尘挺大的',                                                         NULL,     '2026-04-05 20:02:00'),
  (18, 3, 'assistant', '那就是灰尘引起的啦！打扫的时候可以先把小橘转移到其他房间，等灰尘散了再让它回来。小橘从流浪猫长这么大不容易，要好好照顾它哦～ 🧡', '开心', '2026-04-05 20:02:15');

-- ============================================================
-- 重置序列
-- ============================================================
SELECT setval('users_id_seq',           (SELECT COALESCE(MAX(id), 0) FROM users));
SELECT setval('pets_id_seq',            (SELECT COALESCE(MAX(id), 0) FROM pets));
SELECT setval('health_logs_id_seq',     (SELECT COALESCE(MAX(id), 0) FROM health_logs));
SELECT setval('growth_records_id_seq',  (SELECT COALESCE(MAX(id), 0) FROM growth_records));
SELECT setval('conversations_id_seq',   (SELECT COALESCE(MAX(id), 0) FROM conversations));
SELECT setval('messages_id_seq',        (SELECT COALESCE(MAX(id), 0) FROM messages));

COMMIT;

-- 验证
SELECT '=== 数据注入完成 ===' AS status;
SELECT 'users' AS "表", COUNT(*) AS "行数" FROM users
UNION ALL SELECT 'pets', COUNT(*) FROM pets
UNION ALL SELECT 'health_logs', COUNT(*) FROM health_logs
UNION ALL SELECT 'growth_records', COUNT(*) FROM growth_records
UNION ALL SELECT 'conversations', COUNT(*) FROM conversations
UNION ALL SELECT 'messages', COUNT(*) FROM messages;
